Star,Expected_Radius,e_Expected_Radius,Computed_Radius,e_Computed_Radius
11 UMi,25.076,0.822,26.679,3.203
14 And,11.101,0.364,12.554,0.656
14 Her,1.022,0.033,0.979,0.040
16 Cyg B,1.151,0.038,1.226,0.051
11 Com,17.168,0.562,16.716,2.632
18 Del,7.670,0.251,8.274,0.473
24 Sex,4.974,0.163,4.990,0.227
30 Ari B,1.412,0.046,1.440,0.058
38 Vir,1.444,0.047,1.470,0.052
4 Uma,15.012,0.492,16.792,1.226
42 Dra,17.828,0.584,18.585,1.290
47 Uma,1.230,0.040,1.231,0.055
51 Peg,1.156,0.038,1.179,0.053
55 Cnc,0.901,0.030,0.929,0.046
6 Lyn,5.092,0.167,5.276,0.285
61 Vir,1.027,0.034,1.081,0.044
70 Vir,1.983,0.065,1.919,0.112
75 Cet,9.901,0.324,9.693,0.596
8 Umi,9.757,0.320,10.125,0.372
81 Cet,10.900,0.357,11.503,0.759
91 Aqr,10.905,0.357,11.180,0.688
BD-06 1339,0.478,0.016,0.603,0.041
BD-08 2823,0.737,0.024,0.745,0.040
BD-10 3166,0.932,0.031,0.919,0.037
BD-11 4672,0.452,0.015,1.118,0.123
BD-17 63,0.934,0.031,0.759,0.038
BD+14 4559,0.841,0.028,0.883,0.048
BD+15 2375,9.917,0.325,10.166,0.402
BD+15 2940,10.504,0.344,10.362,0.411
BD+20 2457,35.132,1.151,37.594,19.462
BD+20 274,29.473,0.966,35.949,3.987
BD+24 4697,0.805,0.026,0.777,0.034
BD+26 1888,0.703,0.023,0.659,0.029
BD+48 738,24.454,0.801,25.183,10.910
BD+49 828,8.092,0.265,10.917,0.998
beta Cnc,41.827,1.370,9.244,12.523
CoRoT-19,1.046,0.034,1.930,0.107
K2-38,0.980,0.032,1.154,0.045
eps CrB,22.788,0.747,14.970,8.855
GJ 1214,0.189,0.006,0.956,0.567
GJ 160.2,0.513,0.017,0.634,0.035
GJ 163,0.353,0.012,0.400,0.023
GJ 176,0.382,0.013,0.568,0.033
GJ 180,0.395,0.013,0.415,0.017
GJ 3998,0.525,0.017,0.552,0.028
GJ 536,0.433,0.014,0.527,0.026
GJ 785,0.934,0.031,0.896,0.057
CoRoT-7,0.823,0.027,1.511,0.221
CoRoT-8,0.593,0.019,0.871,0.037
CoRoT-9,0.799,0.026,1.211,0.095
K2-36,0.702,0.023,0.740,0.024
HD 100655,10.122,0.332,9.940,0.551
HD 100777,1.067,0.035,1.060,0.034
HD 10180,1.191,0.039,1.211,0.048
HD 102195,0.850,0.028,0.837,0.032
HD 102329,8.611,0.282,9.008,0.406
HD 102956,4.492,0.147,4.490,0.154
HD 103720,0.826,0.027,0.802,0.026
HD 104067,0.810,0.027,0.801,0.033
HD 10442,5.015,0.164,5.106,0.173
HD 104985,10.678,0.350,11.185,0.724
HD 106252,1.132,0.037,1.152,0.036
HD 106270,2.904,0.095,3.081,0.109
HD 106315,1.177,0.039,1.246,0.046
HD 10647,1.105,0.036,1.121,0.047
HD 106515 A,1.026,0.034,0.983,0.036
HD 10697,1.805,0.059,1.869,0.091
HD 107148,1.168,0.038,1.153,0.038
HD 108147,1.236,0.040,1.997,0.303
HD 108863,6.753,0.221,6.892,0.269
HD 108874,1.099,0.036,1.090,0.040
HD 109246,1.101,0.036,1.143,0.036
HD 109271,1.271,0.042,1.342,0.051
HD 109749,1.256,0.041,1.350,0.061
HD 110014,20.300,0.665,20.331,1.484
HD 111232,0.992,0.032,1.073,0.068
HD 113337,1.469,0.048,1.511,0.046
HD 113538,0.513,0.017,0.686,0.037
HD 114386,0.746,0.024,0.770,0.033
HD 114613,2.064,0.068,2.195,0.115
HD 114783,0.821,0.027,0.852,0.031
HD 11506,1.297,0.042,1.325,0.049
HD 117207,1.149,0.038,1.141,0.043
HD 117618,1.202,0.039,1.287,0.049
HD 118203,1.993,0.065,2.074,0.077
HD 119445,13.392,0.439,13.595,1.121
HD 11964,1.992,0.065,2.023,0.071
HD 11977,10.746,0.352,10.634,0.658
HD 120084,9.541,0.313,10.203,0.532
HD 121504,1.109,0.036,1.349,0.097
HD 122562,2.164,0.071,2.145,0.089
HD 12484,1.015,0.033,1.001,0.037
HD 125595,0.893,0.029,0.776,0.038
HD 125612,1.101,0.036,1.182,0.049
HD 12648,9.785,0.321,10.511,0.480
HD 126525,1.015,0.033,1.193,0.076
HD 12661,1.189,0.039,1.241,0.052
HD 126614 A,1.226,0.040,1.330,0.068
HD 128311,0.771,0.025,0.763,0.029
HD 129445,1.209,0.040,1.274,0.057
HD 130322,0.908,0.030,0.882,0.035
HD 131496,5.240,0.172,5.498,0.211
HD 13189,23.647,0.775,37.170,6.563
HD 132406,1.379,0.045,1.365,0.044
HD 132563 B,1.151,0.038,1.349,0.085
HD 133131 A,1.011,0.033,1.089,0.054
HD 133131 B,1.030,0.034,1.109,0.055
HD 134060,1.164,0.038,1.558,0.133
HD 134113,1.592,0.052,1.597,0.060
HD 134606,1.170,0.038,1.185,0.047
HD 134987,1.264,0.041,1.326,0.066
HD 136352,1.101,0.036,1.310,0.089
HD 137388,0.901,0.030,0.977,0.050
HD 13808,0.805,0.026,0.805,0.035
HD 13908,1.962,0.064,2.833,0.261
HD 13931,1.264,0.041,1.349,0.062
HD 139357,13.563,0.444,12.447,0.857
HD 14067,10.466,0.343,10.806,0.522
HD 141399,1.374,0.045,1.393,0.049
HD 141937,1.039,0.034,1.152,0.056
HD 142 A,1.383,0.045,1.436,0.052
HD 142022 A,1.063,0.035,1.075,0.038
HD 142415,1.081,0.035,1.278,0.078
HD 143105,1.464,0.048,1.606,0.057
HD 143361,1.090,0.036,1.388,0.105
rho Crb,1.384,0.045,1.405,0.071
HD 145377,1.081,0.035,1.356,0.083
HD 145457,9.999,0.328,9.987,0.568
HD 147018,0.930,0.030,1.004,0.038
HD 148427,3.907,0.128,4.461,0.264
HD 149143,1.645,0.054,1.765,0.050
HD 1502,5.285,0.173,5.707,0.218
HD 150433,1.098,0.036,1.245,0.070
HD 152581,4.456,0.146,4.799,0.157
HD 154088,0.966,0.032,1.090,0.061
HD 154345,0.911,0.030,0.887,0.031
HD 154672,1.377,0.045,1.496,0.064
HD 154857,2.307,0.076,2.570,0.140
HD 155233,4.742,0.155,5.346,0.326
HD 155358,1.400,0.046,1.421,0.053
HD 156411,2.255,0.074,2.760,0.163
HD 156668,0.882,0.029,0.792,0.033
HD 157172,0.988,0.032,1.178,0.084
HD 1690,21.644,0.709,22.448,11.605
HD 170469,1.254,0.041,1.415,0.077
HD 17092,11.737,0.385,13.295,0.606
HD 171028,2.466,0.081,2.919,0.172
HD 171238,0.903,0.030,1.016,0.050
HD 17156,1.485,0.049,1.941,0.138
HD 173416,12.675,0.415,12.235,0.839
HD 175370,21.950,0.719,5.727,11.657
HD 175541,4.200,0.138,6.988,2.918
HD 175607,0.877,0.029,0.880,0.037
HD 17674,1.222,0.040,1.340,0.072
HD 178911 B,0.991,0.032,1.057,0.044
HD 179079,1.732,0.057,2.194,0.132
HD 179949,1.201,0.039,1.313,0.065
HD 180314,8.368,0.274,8.802,0.440
HD 180902,3.845,0.126,4.110,0.159
HD 181342,4.979,0.163,5.515,0.210
HD 181433,0.855,0.028,0.802,0.049
HD 181720,1.549,0.051,1.623,0.067
HD 183263,1.243,0.041,1.634,0.119
HD 187085,1.315,0.043,1.442,0.060
HD 187123,1.150,0.038,1.402,0.086
HD 18742,5.807,0.190,6.110,0.217
HD 188015,1.105,0.036,1.898,0.221
HD 189567,1.101,0.036,1.077,0.057
HD 156279,0.995,0.033,0.970,0.030
HD 158038,4.001,0.131,4.487,0.173
HD 159243,1.154,0.038,1.238,0.051
HD 159868,2.020,0.066,2.515,0.167
HD 1605,3.907,0.128,4.040,0.163
HD 160508,2.141,0.070,2.207,0.087
HD 16175,1.779,0.058,1.896,0.072
HD 162004,1.157,0.038,1.234,0.050
HD 162020,0.818,0.027,0.873,0.042
HD 163607,1.699,0.056,1.775,0.067
HD 16417,1.624,0.053,1.688,0.067
HD 164509,1.131,0.037,1.395,0.082
HD 164595,1.075,0.035,1.079,0.035
HD 164604,0.762,0.025,0.965,0.073
HD 164922,1.007,0.033,1.031,0.042
HD 166724,0.820,0.027,0.838,0.032
HD 167042,4.561,0.149,4.689,0.320
HD 168443,1.628,0.053,2.240,0.225
HD 168746,1.118,0.037,1.910,0.225
HD 169830,1.812,0.059,2.129,0.119
HD 189733,0.787,0.026,0.985,0.073
HD 190228,2.611,0.086,4.198,0.403
HD 190360,1.153,0.038,1.876,0.376
HD 190647,1.461,0.048,1.578,0.063
HD 190984,2.213,0.073,2.394,0.097
HD 191806,1.389,0.046,1.526,0.066
HD 192263,0.839,0.027,0.840,0.040
HD 192699,4.683,0.153,5.225,0.284
HD 195019,1.466,0.048,1.587,0.053
HD 196050,1.386,0.045,1.463,0.059
HD 196067,1.670,0.055,1.841,0.081
HD 196885 A,1.329,0.044,1.467,0.068
HD 20003,0.974,0.032,0.943,0.037
HD 200964,4.767,0.156,5.115,0.202
HD 20367,1.127,0.037,1.358,0.081
HD 2039,1.164,0.038,1.169,0.044
HD 204313,1.139,0.037,1.159,0.040
HD 204941,0.793,0.026,0.787,0.034
HD 205739,1.398,0.046,1.460,0.052
HD 206610,4.293,0.141,4.801,0.189
HD 20781,0.881,0.029,0.859,0.033
HD 20782,1.159,0.038,1.148,0.047
HD 208487,1.181,0.039,1.198,0.038
HD 208527,42.521,1.393,60.518,15.659
HD 20868,0.714,0.023,0.772,0.036
HD 209458,1.158,0.038,1.223,0.049
HD 210277,1.093,0.036,1.112,0.048
HD 210702,4.672,0.153,4.863,0.251
HD 212301 A,1.178,0.039,1.327,0.053
HD 216435,1.715,0.056,1.769,0.055
HD 216437,1.481,0.049,1.470,0.061
HD 216536,8.797,0.288,9.913,0.426
HD 216770,0.979,0.032,0.956,0.034
HD 219077,2.086,0.068,2.089,0.108
HD 219415,4.245,0.139,5.283,0.352
HD 219828,1.590,0.052,1.680,0.056
HD 220074,32.251,1.057,4.118,4.539
HD 220773,1.626,0.053,1.735,0.071
HD 23127,1.643,0.054,1.692,0.055
HD 23596,1.502,0.049,1.943,0.133
HD 101930,0.896,0.029,1.076,0.069
HD 102117,1.228,0.040,1.625,0.142
HD 147513,1.011,0.033,1.295,0.133
HD 148156,1.283,0.042,2.026,0.244
HD 153950,1.369,0.045,1.986,1.035
HD 1666,1.939,0.064,2.013,0.069
HD 212771,4.372,0.143,4.471,0.184
HD 213240,1.491,0.049,1.549,0.059
HD 214823,2.002,0.066,2.211,0.082
HD 215152,0.825,0.027,0.778,0.029
HD 215456,1.753,0.057,1.745,0.062
HD 215497,0.972,0.032,0.913,0.038
HD 21693,0.938,0.031,0.936,0.036
HD 217107,1.116,0.037,1.190,0.047
HD 218566,0.776,0.025,0.863,0.038
HD 220689,1.179,0.039,1.191,0.041
HD 221287,1.144,0.037,1.181,0.041
HD 224538,1.459,0.048,1.541,0.053
HD 22781,0.739,0.024,1.252,0.123
HD 23079,1.100,0.036,1.110,0.039
HD 24040,1.329,0.044,1.608,0.100
HD 28254 A,1.540,0.050,1.607,0.051
HD 31527,1.111,0.036,1.133,0.030
HD 38529,2.724,0.089,3.351,0.255
HD 40307,0.697,0.023,0.739,0.035
HD 41004 A,0.881,0.029,0.941,0.036
HD 42012,0.878,0.029,1.005,0.059
HD 4203,1.447,0.047,1.515,0.046
HD 4208,0.986,0.032,0.953,0.032
HD 42618,0.996,0.033,1.188,0.078
HD 4308,1.102,0.036,1.072,0.041
HD 4313,5.064,0.166,5.199,0.212
HD 43197,1.031,0.034,1.058,0.039
HD 44219,1.442,0.047,1.778,0.136
HD 45184,1.069,0.035,1.084,0.044
HD 45350,1.260,0.041,1.381,0.062
HD 45364,0.934,0.031,0.921,0.032
HD 45652,0.981,0.032,1.239,0.091
HD 47186,1.060,0.035,1.129,0.038
HD 47366,7.265,0.238,8.166,0.552
HD 47536,20.906,0.685,4.196,9.073
HD 48265,1.981,0.065,2.169,0.074
HD 49674,1.040,0.034,1.074,0.035
HD 50499,1.419,0.046,1.552,0.072
HD 50554,1.129,0.037,1.189,0.050
HD 51608,0.947,0.031,0.940,0.042
HD 52265,1.339,0.044,1.821,0.239
HD 5319,4.151,0.136,4.338,0.149
HD 5583,9.554,0.313,9.907,0.445
HD 5608,5.364,0.176,5.028,0.857
HD 564,1.017,0.033,1.008,0.036
CoRoT-2,0.704,0.023,0.977,0.047
HAT-P-22,1.080,0.035,1.054,0.041
HAT-P-8,1.264,0.041,1.518,0.049
HD 90156,0.955,0.031,0.942,0.042
GJ 179,0.333,0.011,0.365,0.014
GJ 27.1,0.489,0.016,0.528,0.026
GJ 3323,0.194,0.006,1.167,0.702
GJ 433,0.453,0.015,0.474,0.024
GJ 674,0.432,0.014,0.394,0.022
GJ 676 A,0.659,0.022,0.664,0.030
HAT-P-9,1.125,0.037,1.274,0.042
K2-13,0.881,0.029,0.934,0.033
K2-31,0.867,0.028,1.270,0.101
KELT-6,1.544,0.051,1.653,0.054
KELT-8,1.264,0.041,1.446,0.076
Kepler-10,1.126,0.037,1.147,0.038
Kepler-1515,1.497,0.049,1.653,0.063
Kepler-197,1.194,0.039,1.303,0.064
Kepler-21,1.835,0.060,2.095,0.096
Kepler-25,1.184,0.039,1.476,0.078
Kepler-37,0.800,0.026,0.825,0.029
Kepler-381,1.367,0.045,1.502,0.060
Kepler-39,1.020,0.033,1.256,0.050
Kepler-408,1.274,0.042,1.316,0.049
Kepler-409,0.930,0.030,0.965,0.045
Kepler-41,1.201,0.039,1.386,0.069
Kepler-410 A,1.421,0.047,1.475,0.048
Kepler-444,0.802,0.026,0.850,0.030
Kepler-50,1.519,0.050,1.644,0.066
Kepler-510,1.486,0.049,1.622,0.090
Kepler-68,1.271,0.042,1.307,0.055
Kepler-78,0.783,0.026,0.810,0.038
Kepler-93,0.914,0.030,0.996,0.036
Kepler-96,0.966,0.032,1.140,0.064
ksi Aql,10.511,0.344,10.675,0.863
mu Ara,1.404,0.046,1.522,0.110
NGC 2423 3,14.956,0.490,18.814,1.585
ome Ser,10.074,0.330,10.944,0.627
Kepler-561,0.942,0.031,0.987,0.051
Kepler-710,1.330,0.044,1.533,0.089
omi CrB,9.947,0.326,10.301,0.706
tau Boo A,1.324,0.043,1.369,0.061
tau Gem,28.152,0.922,19.874,12.417
TYC 3667-1280-1,6.651,0.218,10.038,0.498
ups And,1.576,0.052,1.697,0.075
WASP-100,1.605,0.053,1.730,0.062
WASP-101,1.197,0.039,1.339,0.044
WASP-107,0.764,0.025,0.637,0.033
WASP-109,1.263,0.041,1.457,0.056
WASP-113,1.592,0.052,1.714,0.055
WASP-117,1.222,0.040,1.263,0.037
WASP-121,1.400,0.046,1.577,0.076
WASP-122,1.358,0.044,1.539,0.055
WASP-127,1.359,0.045,1.407,0.049
WASP-13,1.500,0.049,1.570,0.051
WASP-130,1.028,0.034,1.082,0.042
WASP-131,1.562,0.051,1.673,0.048
WASP-14,1.216,0.040,1.328,0.048
WASP-140,0.855,0.028,0.863,0.032
WASP-15,1.363,0.045,1.496,0.054
WASP-16,1.027,0.034,1.113,0.042
WASP-18,1.176,0.039,1.221,0.041
WASP-2 A,0.892,0.029,0.919,0.038
WASP-23,0.866,0.028,0.874,0.037
WASP-26,1.272,0.042,1.319,0.035
WASP-29,0.853,0.028,0.796,0.036
WASP-3,1.223,0.040,1.384,0.056
WASP-34,1.077,0.035,1.119,0.045
WASP-38,1.425,0.047,1.515,0.041
WASP-41,0.894,0.029,0.918,0.029
WASP-48,1.557,0.051,1.756,0.062
WASP-53,0.934,0.031,0.825,0.034
WASP-54,1.639,0.054,1.734,0.054
WASP-62,1.225,0.040,1.270,0.041
WASP-68,1.496,0.049,1.682,0.055
WASP-69,0.831,0.027,0.844,0.038
WASP-76,1.749,0.057,1.813,0.076
WASP-77 A,0.962,0.032,1.022,0.041
K2-263 ,0.933,0.031,0.897,0.027
WASP-166,1.234,0.040,1.292,0.039
GJ 143,0.587,0.019,0.743,0.037
K2-292,1.097,0.036,1.125,0.039
K2-291,0.904,0.030,1.115,0.079
Gl 686,0.498,0.016,0.452,0.021
HD 125390,5.269,0.173,5.225,0.215
HD 180053,4.370,0.143,4.696,0.167
HD 18015,3.169,0.104,3.369,0.136
WASP-63,1.663,0.054,1.829,0.062
WASP-7,1.248,0.041,1.421,0.047
WASP-71,2.027,0.066,2.150,0.073
WASP-72,1.952,0.064,2.149,0.083
HD 2685,1.325,0.043,1.604,0.084
HD 13167,3.040,0.100,3.061,0.126
WASP-74,1.411,0.046,1.592,0.053
WASP-75,1.271,0.042,1.330,0.044
WASP-85 A,0.956,0.031,1.051,0.042
XO-2N,1.028,0.034,1.010,0.041
K2-111,1.139,0.037,1.308,0.056
K2-285,0.830,0.027,0.811,0.027
HD 148164,1.313,0.043,1.448,0.056
HD 55696,1.600,0.052,1.992,0.101
HD 14787,4.819,0.158,5.066,0.189
HD 202696,5.614,0.184,6.408,0.277
HD 219666,1.083,0.035,1.060,0.039
HD 23472,0.730,0.024,0.730,0.028
HD 4917,6.876,0.225,7.691,0.310
HD 72490,4.775,0.156,4.816,0.166
HD 94834,4.478,0.147,4.481,0.170
TOI-125,0.868,0.028,0.853,0.034
TOI-172,1.636,0.054,1.865,0.074
Gl 378,0.668,0.022,0.579,0.031
K2-287,0.893,0.029,1.089,0.036
TOI-216,0.960,0.031,0.830,0.036
Gliese 49,0.446,0.015,0.727,0.049
TOI-150,1.340,0.044,1.603,0.069
TOI-270,0.403,0.013,0.357,0.020
TOI-402,0.867,0.028,0.863,0.033
GJ 685,0.512,0.017,0.572,0.030
HD 13724,1.076,0.035,1.063,0.040
HD 181234,1.077,0.035,1.170,0.059
HD 213885,1.116,0.037,1.130,0.045
HD 25015,0.781,0.026,0.785,0.028
L 98-59,0.368,0.012,0.307,0.016
GJ 357,0.382,0.013,0.349,0.019
HD 102843,0.970,0.032,0.984,0.039
HD 103949,0.821,0.027,0.763,0.031
HD 206255,2.168,0.071,2.205,0.073
HD 210193,1.052,0.034,1.063,0.034
HD 21411,0.876,0.029,0.833,0.029
HD 221420,1.928,0.063,1.978,0.090
HD 24085,1.418,0.046,1.492,0.051
HIP 35173,0.836,0.027,0.876,0.051
HD 39855,0.828,0.027,0.824,0.038
HD 64114,0.958,0.031,1.005,0.052
HR 5183,1.515,0.050,1.546,0.060
K2-65,0.778,0.025,0.716,0.033
Kepler-97,0.993,0.033,0.976,0.037
HD 233832,0.744,0.024,0.762,0.027
HD 191939,0.996,0.033,1.107,0.073
L 168-9,0.552,0.018,0.601,0.030
TOI-732,0.411,0.013,0.375,0.248
TOI-257,1.857,0.061,1.916,0.064
HD 332231,1.257,0.041,1.918,0.227
HD 95338,0.947,0.031,1.048,0.062
LHS 1815,0.488,0.016,0.514,0.024
TOI-1130,0.443,0.015,0.656,0.032
HD 63433,0.931,0.031,0.941,0.032
HD 108236,0.922,0.030,1.008,0.051
TOI-1235,0.579,0.019,0.641,0.032
TOI-421,0.894,0.029,0.915,0.038
TOI-1266,0.357,0.012,0.429,0.021
3 Cnc,36.669,1.201,7.503,13.496
GJ 251,0.343,0.011,0.367,0.228
HAT-P-60,1.807,0.059,2.292,0.119
HD 238090,0.645,0.021,0.607,0.033
HD 25723,12.598,0.413,14.233,0.971
HIP 38594,0.800,0.026,0.689,0.039
HIP 4845,0.672,0.022,0.629,0.035
LP 714-47,0.614,0.020,0.620,0.034
TOI-481,1.623,0.053,1.767,0.073
